LineId,Content,EventId,EventTemplate
1,Component State Change: Component \042SCSI-WWID:01000010:6005-08b4-0001-00c6-0006-3000-003d-0000\042 is in the unavailable state (HWID=1973),1,Component State Change: Component <:*:> is in the unavailable state (HWID=<:NUM:>)
2,Component State Change: Component \042alt0\042 is in the unavailable state (HWID=3180),1,Component State Change: Component <:*:> is in the unavailable state (HWID=<:NUM:>)
3,Component State Change: Component \042alt0\042 is in the unavailable state (HWID=5089),1,Component State Change: Component <:*:> is in the unavailable state (HWID=<:NUM:>)
4,Component State Change: Component \042alt0\042 is in the unavailable state (HWID=4088),1,Component State Change: Component <:*:> is in the unavailable state (HWID=<:NUM:>)
5,Component State Change: Component \042alt0\042 is in the unavailable state (HWID=2538),1,Component State Change: Component <:*:> is in the unavailable state (HWID=<:NUM:>)
6,Component State Change: Component \042alt0\042 is in the unavailable state (HWID=2480),1,Component State Change: Component <:*:> is in the unavailable state (HWID=<:NUM:>)
7,Component State Change: Component \042alt0\042 is in the unavailable state (HWID=3713),1,Component State Change: Component <:*:> is in the unavailable state (HWID=<:NUM:>)
8,Component State Change: Component \042alt0\042 is in the unavailable state (HWID=3891),1,Component State Change: Component <:*:> is in the unavailable state (HWID=<:NUM:>)
9,Component State Change: Component \042alt0\042 is in the unavailable state (HWID=2478),1,Component State Change: Component <:*:> is in the unavailable state (HWID=<:NUM:>)
10,Component State Change: Component \042alt0\042 is in the unavailable state (HWID=2969),1,Component State Change: Component <:*:> is in the unavailable state (HWID=<:NUM:>)
11,Component State Change: Component \042alt0\042 is in the unavailable state (HWID=4159),1,Component State Change: Component <:*:> is in the unavailable state (HWID=<:NUM:>)
12,Component State Change: Component \042alt0\042 is in the unavailable state (HWID=2608),1,Component State Change: Component <:*:> is in the unavailable state (HWID=<:NUM:>)
13,clusterAddMember  (command 1902),2,clusterAddMember (command <:NUM:>)
14,clusterAddMember  (command 1900),2,clusterAddMember (command <:NUM:>)
15,risBoot  (command 1903),3,risBoot (command <:NUM:>)
16,bootGenvmunix  (command 1903),4,bootGenvmunix (command <:NUM:>)
17,boot  (command 1911),5,boot (command <:NUM:>)
18,boot  (command 1910),5,boot (command <:NUM:>)
19,boot  (command 1978),5,boot (command <:NUM:>)
20,boot  (command 1967),5,boot (command <:NUM:>)
21,wait  (command 1975),6,wait (command <:NUM:>)
22,boot  (command 1999),5,boot (command <:NUM:>)
23,halt  (command 1982),7,halt (command <:NUM:>)
24,boot  (command 1981),5,boot (command <:NUM:>)
25,boot  (command 1973),5,boot (command <:NUM:>)
26,wait  (command 1973),6,wait (command <:NUM:>)
27,wait  (command 2057),6,wait (command <:NUM:>)
28,boot  (command 2152),5,boot (command <:NUM:>)
29,wait  (command 2154),6,wait (command <:NUM:>)
30,boot  (command 2141),5,boot (command <:NUM:>)
31,boot  (command 2110),5,boot (command <:NUM:>)
32,boot  (command 2160),5,boot (command <:NUM:>)
33,halt  (command 2221),7,halt (command <:NUM:>)
34,wait  (command 2217),6,wait (command <:NUM:>)
35,wait  (command 2217),6,wait (command <:NUM:>)
36,wait  (command 2201),6,wait (command <:NUM:>)
37,wait  (command 2199),6,wait (command <:NUM:>)
38,boot  (command 2183),5,boot (command <:NUM:>)
39,wait  (command 2189),6,wait (command <:NUM:>)
40,wait  (command 2302),6,wait (command <:NUM:>)
41,wait  (command 2270),6,wait (command <:NUM:>)
42,wait  (command 2257),6,wait (command <:NUM:>)
43,boot  (command 2257),5,boot (command <:NUM:>)
44,boot  (command 2316),5,boot (command <:NUM:>)
45,boot  (command 2316),5,boot (command <:NUM:>)
46,wait  (command 2322),6,wait (command <:NUM:>)
47,wait  (command 2354),6,wait (command <:NUM:>)
48,wait  (command 2347),6,wait (command <:NUM:>)
49,boot  (command 2368),5,boot (command <:NUM:>)
50,boot  (command 2392),5,boot (command <:NUM:>)
51,boot  (command 2406),5,boot (command <:NUM:>)
52,boot  (command 2417),5,boot (command <:NUM:>)
53,boot  (command 2423),5,boot (command <:NUM:>)
54,wait  (command 2424),6,wait (command <:NUM:>)
55,wait  (command 2449),6,wait (command <:NUM:>)
56,boot  (command 2464),5,boot (command <:NUM:>)
57,wait  (command 2468),6,wait (command <:NUM:>)
58,boot  (command 2520),5,boot (command <:NUM:>)
59,wait  (command 2517),6,wait (command <:NUM:>)
60,boot  (command 2517),5,boot (command <:NUM:>)
61,wait  (command 2511),6,wait (command <:NUM:>)
62,wait  (command 2513),6,wait (command <:NUM:>)
63,boot  (command 2514),5,boot (command <:NUM:>)
64,wait  (command 2484),6,wait (command <:NUM:>)
65,boot  (command 2625),5,boot (command <:NUM:>)
66,wait  (command 2607),6,wait (command <:NUM:>)
67,boot  (command 2616),5,boot (command <:NUM:>)
68,boot  (command 2619),5,boot (command <:NUM:>)
69,boot  (command 2616),5,boot (command <:NUM:>)
70,boot  (command 2616),5,boot (command <:NUM:>)
71,boot  (command 2602),5,boot (command <:NUM:>)
72,wait  (command 2582),6,wait (command <:NUM:>)
73,boot  (command 2584),5,boot (command <:NUM:>)
74,wait  (command 2549),6,wait (command <:NUM:>)
75,boot  (command 2550),5,boot (command <:NUM:>)
76,boot  (command 2548),5,boot (command <:NUM:>)
77,boot  (command 2538),5,boot (command <:NUM:>)
78,wait  (command 2683),6,wait (command <:NUM:>)
79,boot  (command 2686),5,boot (command <:NUM:>)
80,wait  (command 2682),6,wait (command <:NUM:>)
81,wait  (command 2763),6,wait (command <:NUM:>)
82,wait  (command 2800),6,wait (command <:NUM:>)
83,boot  (command 2790),5,boot (command <:NUM:>)
84,wait  (command 2817),6,wait (command <:NUM:>)
85,wait  (command 2823),6,wait (command <:NUM:>)
86,wait  (command 2817),6,wait (command <:NUM:>)
87,wait  (command 2900),6,wait (command <:NUM:>)
88,wait  (command 2885),6,wait (command <:NUM:>)
89,wait  (command 2909),6,wait (command <:NUM:>)
90,boot  (command 2960),5,boot (command <:NUM:>)
91,wait  (command 2963),6,wait (command <:NUM:>)
92,boot  (command 2999),5,boot (command <:NUM:>)
93,halt  (command 2992),7,halt (command <:NUM:>)
94,wait  (command 3087),6,wait (command <:NUM:>)
95,wait  (command 3079),6,wait (command <:NUM:>)
96,wait  (command 3078),6,wait (command <:NUM:>)
97,wait  (command 3141),6,wait (command <:NUM:>)
98,boot  (command 3138),5,boot (command <:NUM:>)
99,boot  (command 3169),5,boot (command <:NUM:>)
100,boot  (command 3169),5,boot (command <:NUM:>)
101,boot  (command 3194),5,boot (command <:NUM:>)
102,boot  (command 3320),5,boot (command <:NUM:>)
103,boot  (command 3318),5,boot (command <:NUM:>)
104,boot  (command 3317),5,boot (command <:NUM:>)
105,wait  (command 3319),6,wait (command <:NUM:>)
106,wait  (command 3334),6,wait (command <:NUM:>)
107,boot  (command 3334),5,boot (command <:NUM:>)
108,wait  (command 3412),6,wait (command <:NUM:>)
109,boot  (command 3413),5,boot (command <:NUM:>)
110,boot  (command 3473),5,boot (command <:NUM:>)
111,wait  (command 3523),6,wait (command <:NUM:>)
112,wait  (command 3525),6,wait (command <:NUM:>)
113,wait  (command 3519),6,wait (command <:NUM:>)
114,boot  (command 3519),5,boot (command <:NUM:>)
115,boot  (command 3512),5,boot (command <:NUM:>)
116,boot  (command 3579),5,boot (command <:NUM:>)
117,boot  (command 3572),5,boot (command <:NUM:>)
118,boot  (command 3580),5,boot (command <:NUM:>)
119,wait  (command 3612),6,wait (command <:NUM:>)
120,boot  (command 3615),5,boot (command <:NUM:>)
121,wait  (command 3609),6,wait (command <:NUM:>)
122,boot  (command 3624),5,boot (command <:NUM:>)
123,wait  (command 3649),6,wait (command <:NUM:>)
124,boot  (command 3639),5,boot (command <:NUM:>)
125,wait  (command 3690),6,wait (command <:NUM:>)
126,boot  (command 3696),5,boot (command <:NUM:>)
127,wait  (command 3698),6,wait (command <:NUM:>)
128,wait  (command 3709),6,wait (command <:NUM:>)
129,wait  (command 3837),6,wait (command <:NUM:>)
130,wait  (command 3847),6,wait (command <:NUM:>)
131,boot  (command 3951),5,boot (command <:NUM:>)
132,boot  (command 3928),5,boot (command <:NUM:>)
133,boot  (command 3939),5,boot (command <:NUM:>)
134,boot  (command 3964),5,boot (command <:NUM:>)
135,wait  (command 3973),6,wait (command <:NUM:>)
136,wait  (command 3981),6,wait (command <:NUM:>)
137,wait  (command 3981),6,wait (command <:NUM:>)
138,boot  (command 4024),5,boot (command <:NUM:>)
139,wait  (command 4061),6,wait (command <:NUM:>)
140,wait  (command 4110),6,wait (command <:NUM:>)
141,boot  (command 4118),5,boot (command <:NUM:>)
142,wait  (command 4116),6,wait (command <:NUM:>)
143,wait  (command 4117),6,wait (command <:NUM:>)
144,boot  (command 4109),5,boot (command <:NUM:>)
145,wait  (command 4145),6,wait (command <:NUM:>)
146,boot  (command 4176),5,boot (command <:NUM:>)
147,boot  (command 4170),5,boot (command <:NUM:>)
148,wait  (command 4176),6,wait (command <:NUM:>)
149,wait  (command 4176),6,wait (command <:NUM:>)
150,bootGenvmunix  (command 4185),4,bootGenvmunix (command <:NUM:>)
151,boot  (command 4223),5,boot (command <:NUM:>)
152,wait  (command 4221),6,wait (command <:NUM:>)
153,wait  (command 4219),6,wait (command <:NUM:>)
154,Command has completed successfully,8,Command has completed successfully
155,Command has completed successfully,8,Command has completed successfully
156,Command has completed successfully,8,Command has completed successfully
157,Command has completed successfully,8,Command has completed successfully
158,Command has completed successfully,8,Command has completed successfully
159,Command has completed successfully,8,Command has completed successfully
160,Command has completed successfully,8,Command has completed successfully
161,Command has completed successfully,8,Command has completed successfully
162,Command has completed successfully,8,Command has completed successfully
163,Command has completed successfully,8,Command has completed successfully
164,Targeting domains:node-D3 and nodes:node-[104-127] child of command 1963,9,Targeting <:*:> and nodes:node-[<:NUM:>-<:NUM:>] child of command <:NUM:>
165,Targeting domains:node-D4 and nodes:node-[136-159] child of command 1964,9,Targeting <:*:> and nodes:node-[<:NUM:>-<:NUM:>] child of command <:NUM:>
166,Targeting domains:node-D7 and nodes:node-[224\ 228\ 232],10,Targeting domains:node-D7 and nodes:node-[<:NUM:>\ <:NUM:>\ <:NUM:>]
167,Targeting domains:node-D4 and nodes:node-[128-135] child of command 2401,9,Targeting <:*:> and nodes:node-[<:NUM:>-<:NUM:>] child of command <:NUM:>
168,Targeting domains:node-D0 and nodes:node-[8-31] child of command 2489,9,Targeting <:*:> and nodes:node-[<:NUM:>-<:NUM:>] child of command <:NUM:>
169,Targeting domains:node-D0 and nodes:node-0,11,Targeting <:*:> and nodes:node-<:NUM:>
170,Targeting domains:node-D[0\ 5] and nodes:node-[27\ 191],12,Targeting domains:node-D[<:NUM:>\ <:NUM:>] and nodes:node-[<:NUM:>\ <:NUM:>]
171,Targeting domains:node-D2 and nodes:node-[64-95] child of command 3488,9,Targeting <:*:> and nodes:node-[<:NUM:>-<:NUM:>] child of command <:NUM:>
172,Targeting domains:node-D2 and nodes:node-84,11,Targeting <:*:> and nodes:node-<:NUM:>
173,psu failure\ ambient=28,13,psu failure\ ambient=<:NUM:>
174,psu failure\ ambient=28,13,psu failure\ ambient=<:NUM:>
175,psu failure\ ambient=28,13,psu failure\ ambient=<:NUM:>
176,psu failure\ ambient=28,13,psu failure\ ambient=<:NUM:>
177,psu failure\ ambient=31,13,psu failure\ ambient=<:NUM:>
178,Temperature (41C) exceeds warning threshold,14,Temperature (41C) exceeds warning threshold
179,Temperature (41C) exceeds warning threshold,14,Temperature (41C) exceeds warning threshold
180,ClusterFileSystem: There is no server for ServerFileSystem domain storage234,15,ClusterFileSystem: There is no server for ServerFileSystem domain <:*:>
181,ClusterFileSystem: There is no server for ServerFileSystem domain storage1412,15,ClusterFileSystem: There is no server for ServerFileSystem domain <:*:>
182,ClusterFileSystem: There is no server for ServerFileSystem domain storage1024,15,ClusterFileSystem: There is no server for ServerFileSystem domain <:*:>
183,ClusterFileSystem: There is no server for ServerFileSystem domain storage1534,15,ClusterFileSystem: There is no server for ServerFileSystem domain <:*:>
184,ClusterFileSystem: There is no server for ServerFileSystem domain storage1231,15,ClusterFileSystem: There is no server for ServerFileSystem domain <:*:>
185,ClusterFileSystem: There is no server for ServerFileSystem domain storage934,15,ClusterFileSystem: There is no server for ServerFileSystem domain <:*:>
186,ClusterFileSystem: There is no server for ServerFileSystem domain storage131,15,ClusterFileSystem: There is no server for ServerFileSystem domain <:*:>
187,ClusterFileSystem: There is no server for ServerFileSystem domain storage1144,15,ClusterFileSystem: There is no server for ServerFileSystem domain <:*:>
188,ClusterFileSystem: There is no server for ServerFileSystem domain storage444,15,ClusterFileSystem: There is no server for ServerFileSystem domain <:*:>
189,ClusterFileSystem: There is no server for ServerFileSystem domain storage141,15,ClusterFileSystem: There is no server for ServerFileSystem domain <:*:>
190,ClusterFileSystem: There is no server for ServerFileSystem domain storage1622,15,ClusterFileSystem: There is no server for ServerFileSystem domain <:*:>
191,ClusterFileSystem: There is no server for ServerFileSystem domain storage1612,15,ClusterFileSystem: There is no server for ServerFileSystem domain <:*:>
192,ClusterFileSystem: There is no server for ServerFileSystem domain storage1622,15,ClusterFileSystem: There is no server for ServerFileSystem domain <:*:>
193,ClusterFileSystem: There is no server for ServerFileSystem domain storage1542,15,ClusterFileSystem: There is no server for ServerFileSystem domain <:*:>
194,ClusterFileSystem: There is no server for ServerFileSystem domain storage1644,15,ClusterFileSystem: There is no server for ServerFileSystem domain <:*:>
195,ClusterFileSystem: There is no server for ServerFileSystem domain storage242,15,ClusterFileSystem: There is no server for ServerFileSystem domain <:*:>
196,ClusterFileSystem: There is no server for ServerFileSystem domain storage1031,15,ClusterFileSystem: There is no server for ServerFileSystem domain <:*:>
197,ClusterFileSystem: There is no server for ServerFileSystem domain storage1331,15,ClusterFileSystem: There is no server for ServerFileSystem domain <:*:>
198,ClusterFileSystem: There is no server for ServerFileSystem domain storage742,15,ClusterFileSystem: There is no server for ServerFileSystem domain <:*:>
199,ClusterFileSystem: There is no server for ServerFileSystem domain storage221,15,ClusterFileSystem: There is no server for ServerFileSystem domain <:*:>
200,ClusterFileSystem: There is no server for ServerFileSystem domain storage622,15,ClusterFileSystem: There is no server for ServerFileSystem domain <:*:>
201,ClusterFileSystem: There is no server for ServerFileSystem domain storage112,15,ClusterFileSystem: There is no server for ServerFileSystem domain <:*:>
202,ClusterFileSystem: There is no server for ServerFileSystem domain storage1432,15,ClusterFileSystem: There is no server for ServerFileSystem domain <:*:>
203,ClusterFileSystem: There is no server for ServerFileSystem domain storage142,15,ClusterFileSystem: There is no server for ServerFileSystem domain <:*:>
204,ClusterFileSystem: There is no server for ServerFileSystem domain storage742,15,ClusterFileSystem: There is no server for ServerFileSystem domain <:*:>
205,ClusterFileSystem: There is no server for ServerFileSystem domain storage1231,15,ClusterFileSystem: There is no server for ServerFileSystem domain <:*:>
206,ClusterFileSystem: There is no server for ServerFileSystem domain storage1311,15,ClusterFileSystem: There is no server for ServerFileSystem domain <:*:>
207,ClusterFileSystem: There is no server for ServerFileSystem domain storage411,15,ClusterFileSystem: There is no server for ServerFileSystem domain <:*:>
208,ClusterFileSystem: There is no server for ServerFileSystem domain storage132,15,ClusterFileSystem: There is no server for ServerFileSystem domain <:*:>
209,ClusterFileSystem: There is no server for ServerFileSystem domain storage832,15,ClusterFileSystem: There is no server for ServerFileSystem domain <:*:>
210,ClusterFileSystem: There is no server for ServerFileSystem domain storage531,15,ClusterFileSystem: There is no server for ServerFileSystem domain <:*:>
211,ClusterFileSystem: There is no server for ServerFileSystem domain storage321,15,ClusterFileSystem: There is no server for ServerFileSystem domain <:*:>
212,NIFF: node node-69 detected a failed network connection on network 5.5.224.0 via interface alt0,,
213,NIFF: node node-162 detected a failed network connection on network 5.5.224.0 via interface alt0,,
214,ServerFileSystem: An ServerFileSystem domain panic has occurred on storage442,,
215,Fan speeds ( 3552 3534 3375 **** 3515 3479 ),,
216,Fan speeds ( 3552 3534 3375 **** 3515 3479 ),,
217,Fan speeds ( 3552 3534 3375 **** 3515 3479 ),,
218,Fan speeds ( 3552 3534 3375 **** 3515 3479 ),,
219,Fan speeds ( 3552 3534 3375 4245 3515 3479 ),,
220,Fan speeds ( 3552 3534 3375 **** 3515 3479 ),,
221,Fan speeds ( 3552 3534 3375 11637 3515 3479 ),,
222,Fan speeds ( 3552 3534 3375 **** 3515 3479 ),,
223,Fan speeds ( 3552 3534 3375 **** 3515 3479 ),,
224,Fan speeds ( 3552 3534 3375 4245 3515 3479 ),,
225,Fan speeds ( 3552 3534 3375 **** 3515 3479 ),,
226,Fan speeds ( 3552 3534 3375 **** 3515 3479 ),,
227,Fan speeds ( 3552 3534 3375 **** 3515 3479 ),,
228,Fan speeds ( 3552 3534 3375 4470 3515 3479 ),,
229,Fan speeds ( 3552 3534 3375 **** 3515 3479 ),,
230,Fan speeds ( 3552 3534 3375 **** 3515 3479 ),,
231,Fan speeds ( 3552 3534 3375 **** 3515 3479 ),,
232,Fan speeds ( 3552 3534 3375 **** 3515 3479 ),,
233,Fan speeds ( 3552 3534 3375 **** 3515 3479 ),,
234,Fan speeds ( 3552 3534 3375 **** 3515 3479 ),,
235,Fan speeds ( 3552 3534 3375 **** 3515 3479 ),,
236,Fan speeds ( 3552 3534 3375 **** 3515 3479 ),,
237,Fan speeds ( 3552 3534 3375 **** 3515 3479 ),,
238,Fan speeds ( 3552 3534 3375 **** 3515 3479 ),,
239,Fan speeds ( 3552 3534 3375 **** 3515 3479 ),,
240,Fan speeds ( 3552 3534 3375 **** 3515 3479 ),,
241,Fan speeds ( 3552 3534 3375 **** 3515 3479 ),,
242,Fan speeds ( 3552 3534 3375 **** 3515 3479 ),,
243,Fan speeds ( 3552 3534 3375 **** 3515 3479 ),,
244,Fan speeds ( 3552 3534 3375 **** 3515 3479 ),,
245,Fan speeds ( 3552 3534 3375 **** 3515 3479 ),,
246,Fan speeds ( 3552 3534 3375 **** 3515 3479 ),,
247,Fan speeds ( 3552 3534 3375 **** 3515 3479 ),,
248,Fan speeds ( 3552 3534 3375 **** 3515 3479 ),,
249,Fan speeds ( 3552 3534 3375 **** 3515 3479 ),,
250,Fan speeds ( 3552 3534 3375 **** 3515 3479 ),,
251,Fan speeds ( 3552 3534 3375 **** 3515 3479 ),,
252,Fan speeds ( 3552 3534 3375 **** 3515 3479 ),,
253,Fan speeds ( 3552 3534 3375 4166 3515 3479 ),,
254,Fan speeds ( 3552 3534 3375 **** 3515 3479 ),,
255,Fan speeds ( 3552 3534 3375 **** 3515 3479 ),,
256,Fan speeds ( 3552 3534 3375 **** 3515 3479 ),,
257,Fan speeds ( 3552 3534 3375 **** 3515 3479 ),,
258,Fan speeds ( 3552 3534 3375 **** 3515 3479 ),,
259,Fan speeds ( 3552 3534 3375 **** 3515 3479 ),,
260,Fan speeds ( 3552 3534 3375 **** 3515 3479 ),,
261,Fan speeds ( 3552 3534 3375 **** 3515 3479 ),,
262,Fan speeds ( 3552 3534 3375 **** 3515 3479 ),,
263,Fan speeds ( 3552 3534 3375 **** 3515 3479 ),,
264,Fan speeds ( 3552 3534 3375 **** 3515 3479 ),,
265,Fan speeds ( 3552 3534 3375 **** 3515 3479 ),,
266,Fan speeds ( 3552 3534 3375 **** 3515 3479 ),,
267,Fan speeds ( 3552 3534 3375 4530 3515 3479 ),,
268,Fan speeds ( 3552 3534 3375 **** 3515 3479 ),,
269,Fan speeds ( 3552 3534 3375 **** 3515 3479 ),,
270,Fan speeds ( 3552 3534 3375 **** 3515 3479 ),,
271,Fan speeds ( 3552 3534 3375 **** 3515 3479 ),,
272,Fan speeds ( 3552 3534 3375 4192 3515 3479 ),,
273,Fan speeds ( 3552 3534 3375 **** 3515 3479 ),,
274,Fan speeds ( 3552 3534 3391 **** 3515 3479 ),,
275,Fan speeds ( 3552 3534 3391 **** 3515 3479 ),,
276,Fan speeds ( 3552 3534 3391 **** 3515 3479 ),,
277,Fan speeds ( 3552 3534 3391 **** 3515 3479 ),,
278,Fan speeds ( 3552 3534 3391 **** 3515 3479 ),,
279,Fan speeds ( 3552 3534 3391 **** 3515 3479 ),,
280,Fan speeds ( 3552 3534 3391 **** 3515 3479 ),,
281,Fan speeds ( 3552 3534 3391 **** 3515 3479 ),,
282,Fan speeds ( 3552 3534 3391 **** 3515 3479 ),,
283,Fan speeds ( 3552 3534 3391 **** 3515 3479 ),,
284,Fan speeds ( 3552 3534 3391 **** 3515 3479 ),,
285,Fan speeds ( 3552 3534 3391 **** 3515 3479 ),,
286,Fan speeds ( 3552 3534 3391 4299 3515 3479 ),,
287,Fan speeds ( 3552 3534 3391 **** 3515 3479 ),,
288,Fan speeds ( 3552 3534 3391 **** 3515 3479 ),,
289,Fan speeds ( 3552 3534 3391 **** 3515 3479 ),,
290,Fan speeds ( 3552 3552 3391 **** 3515 3497 ),,
291,Fan speeds ( 3552 3552 3391 **** 3515 3497 ),,
292,Fan speeds ( 3534 3534 3375 **** 3497 3479 ),,
293,Fan speeds ( 3534 3534 3375 **** 3497 3479 ),,
294,Fan speeds ( 3534 3534 3375 4272 3497 3479 ),,
295,Fan speeds ( 3534 3534 3375 4470 3497 3479 ),,
296,Fan speeds ( 3534 3534 3375 **** 3497 3479 ),,
297,Fan speeds ( 3534 3534 3375 **** 3497 3479 ),,
298,Fan speeds ( 3534 3534 3375 **** 3497 3479 ),,
299,Fan speeds ( 3534 3534 3375 **** 3497 3479 ),,
300,Fan speeds ( 3534 3534 3375 **** 3497 3479 ),,
301,Fan speeds ( 3534 3534 3375 4115 3497 3479 ),,
302,Fan speeds ( 3534 3534 3375 **** 3497 3479 ),,
303,Fan speeds ( 3534 3534 3375 **** 3497 3479 ),,
304,Fan speeds ( 3534 3534 3375 **** 3497 3479 ),,
305,Command has been aborted,,
306,power/control problem,,
307,Link error,,
308,Link error,,
309,Link error,,
310,Link error,,
311,Link in reset,,
312,Link error,,
313,Link error,,
314,Link error,,
315,Link error,,
316,Link error,,
317,Link in reset,,
318,Link ok,,
319,Link error on broadcast tree Interconnect-0T00:00:2:1,,
320,Link error on broadcast tree Interconnect-1T00:00:3:6,,
321,Link error on broadcast tree Interconnect-1T00:00:2:0,,
322,Link error on broadcast tree Interconnect-1T00:00:2:0,,
323,ServerFileSystem: ServerFileSystem domain root14_local is full,,
324,ServerFileSystem: ServerFileSystem domain root10_local is full,,
325,ServerFileSystem: ServerFileSystem domain root22_local is full,,
326,ServerFileSystem: ServerFileSystem domain root13_local is full,,
327,ServerFileSystem: ServerFileSystem domain root26_tmp is full,,
328,ServerFileSystem: ServerFileSystem domain root7_local is full,,
329,ServerFileSystem: ServerFileSystem domain root1_local is full,,
330,ServerFileSystem: ServerFileSystem domain root22_local is full,,
331,ServerFileSystem: ServerFileSystem domain root3_local is full,,
332,ServerFileSystem: ServerFileSystem domain root25_local is full,,
333,ServerFileSystem: ServerFileSystem domain root26_local is full,,
334,ServerFileSystem: ServerFileSystem domain root22_local is full,,
335,ClusterFileSystem: ServerFileSystem domain cluster_root_backup is no longer served by node node-96,,
336,ClusterFileSystem: ServerFileSystem domain root_domain is no longer served by node node-160,,
337,ClusterFileSystem: ServerFileSystem domain root3_domain is no longer served by node node-128,,
338,ClusterFileSystem: ServerFileSystem domain root9_domain is no longer served by node node-224,,
339,ClusterFileSystem: ServerFileSystem domain root10_domain is no longer served by node node-224,,
340,ClusterFileSystem: ServerFileSystem domain root28_domain is no longer served by node node-96,,
341,ClusterFileSystem: ServerFileSystem domain root30_domain is no longer served by node node-0,,
342,ClusterFileSystem: ServerFileSystem domain root26_domain is no longer served by node node-57,,
343,ClusterFileSystem: ServerFileSystem domain root29_local is no longer served by node node-28,,
344,ClusterFileSystem: ServerFileSystem domain root12_domain is no longer served by node node-11,,
345,ClusterFileSystem: ServerFileSystem domain root5_domain is no longer served by node node-196,,
346,ClusterFileSystem: ServerFileSystem domain root28_domain is no longer served by node node-187,,
347,ClusterFileSystem: ServerFileSystem domain root5_tmp is no longer served by node node-228,,
348,ClusterFileSystem: ServerFileSystem domain storage1422 is no longer served by node node-245,,
349,ClusterFileSystem: ServerFileSystem domain storage343 is no longer served by node node-11,,
350,ClusterFileSystem: ServerFileSystem domain root19_domain is no longer served by node node-114,,
351,ClusterFileSystem: ServerFileSystem domain root14_local is no longer served by node node-77,,
352,ClusterFileSystem: ServerFileSystem domain root6_domain is no longer served by node node-37,,
353,ClusterFileSystem: ServerFileSystem domain storage534 is no longer served by node node-18,,
354,ClusterFileSystem: ServerFileSystem domain root12_tmp is no longer served by node node-11,,
355,ClusterFileSystem: ServerFileSystem domain root23_local is no longer served by node node-182,,
356,ClusterFileSystem: ServerFileSystem domain root14_tmp is no longer served by node node-45,,
357,ClusterFileSystem: ServerFileSystem domain storage211 is no longer served by node node-4,,
358,ClusterFileSystem: ServerFileSystem domain root8_domain is no longer served by node node-167,,
359,ClusterFileSystem: ServerFileSystem domain root25_local is no longer served by node node-216,,
360,ClusterFileSystem: ServerFileSystem domain cluster_usr_backup is no longer served by node node-160,,
361,ClusterFileSystem: ServerFileSystem domain root_domain is no longer served by node node-128,,
362,ClusterFileSystem: ServerFileSystem domain root24_local is no longer served by node node-247,,
363,ClusterFileSystem: ServerFileSystem domain root18_tmp is no longer served by node node-241,,
364,ClusterFileSystem: ServerFileSystem domain root17_domain is no longer served by node node-240,,
365,ClusterFileSystem: ServerFileSystem domain sc_cluster_backup is no longer served by node node-0,,
366,ClusterFileSystem: ServerFileSystem domain cluster_usr_backup is no longer served by node node-192,,
367,ClusterFileSystem: ServerFileSystem domain cluster_var_backup is no longer served by node node-224,,
368,ClusterFileSystem: ServerFileSystem domain root1_tmp_backup is no longer served by node node-96,,
369,ClusterFileSystem: ServerFileSystem domain root1_domain_backup is no longer served by node node-96,,
370,ClusterFileSystem: ServerFileSystem domain root28_domain is no longer served by node node-219,,
371,running,,
372,running,,
373,running,,
374,running,,
375,running,,
376,running,,
377,running,,
378,blocked,,
379,blocked,,
380,running,,
381,running,,
382,not responding,,
383,not responding,,
384,configured out,,
385,running,,
386,running,,
387,running,,
388,not responding,,
389,not responding,,
390,running,,
391,not responding,,
392,not responding,,
393,configured out,,
394,not responding,,
395,running,,
396,running,,
397,running,,
398,running,,
399,not responding,,
400,not responding,,
401,not responding,,
402,inconsistent nodesets node-160 0x0001edfe <ok> node-161 0x1001fdfe <ok> node-162 0x1001fdfe <ok> node-163 0x1001fdfe <ok>,,
403,running,,
404,running,,
405,running,,
406,running,,
407,running,,
408,running,,
409,running,,
410,configured out,,
411,running,,
412,active,,
413,configured out,,
414,running,,
415,running,,
416,configured out,,
417,configured out,,
418,configured out,,
419,running,,
420,configured out,,
421,not responding,,
422,running,,
423,running,,
424,configured out,,
425,not responding,,
426,running,,
427,configured out,,
428,not responding,,
429,inconsistent nodesets node-32 0x00000002 <ok> node-34 0x000001fe <ok> node-33 0x000001fe <ok> node-35 0x000001fe <ok>,,
430,configured out,,
431,not responding,,
432,running,,
433,configured out,,
434,configured out,,
435,configured out,,
436,not responding,,
437,configured out,,
438,configured out,,
439,running,,
440,running,,
441,running,,
442,configured out,,
443,configured out,,
444,not responding,,
445,not responding,,
446,configured out,,
447,running,,
448,configured out,,
449,configured out,,
450,running,,
451,not responding,,
452,active,,
453,running,,
454,running,,
455,configured out,,
456,running,,
457,configured out,,
458,running,,
459,running,,
460,blocked,,
461,not responding,,
462,not responding,,
463,running,,
464,not responding,,
465,not responding,,
466,not responding,,
467,running,,
468,running,,
469,running,,
470,not responding,,
471,running,,
472,running,,
473,configured out,,
474,configured out,,
475,running,,
476,running,,
477,not responding,,
478,running,,
479,running,,
480,not responding,,
481,configured out,,
482,configured out,,
483,configured out,,
484,configured out,,
485,configured out,,
486,not responding,,
487,not responding,,
488,not responding,,
489,running,,
490,running,,
491,configured out,,
492,configured out,,
493,configured out,,
494,configured out,,
495,running,,
496,running,,
497,configured out,,
498,running,,
499,not responding,,
500,not responding,,
501,not responding,,
502,running,,
503,running,,
504,configured out,,
505,not responding,,
506,running,,
507,not responding,,
508,running,,
509,configured out,,
510,running,,
511,running,,
512,not responding,,
513,not responding,,
514,configured out,,
515,configured out,,
516,running,,
517,running,,
518,running,,
519,configured out,,
520,running,,
521,running,,
522,configured out,,
523,configured out,,
524,configured out,,
525,running,,
526,running,,
527,running,,
528,blocked,,
529,blocked,,
530,not responding,,
531,running,,
532,running,,
533,configured out,,
534,running,,
535,running,,
536,running,,
537,running,,
538,running,,
539,configured out,,
540,configured out,,
541,not-responding,,
542,running,,
543,running,,
544,active,,
545,running,,
546,running,,
547,running,,
548,running,,
549,running,,
550,running,,
551,not responding,,
552,configured out,,
553,configured out,,
554,not responding,,
555,running,,
556,running,,
557,configured out,,
558,configured out,,
559,running,,
560,running,,
561,running,,
562,configured out,,
563,inconsistent nodesets node-1 0x000001fc <ok> node-2 0x000001fc <ok> node-7 0x000001fc <ok> node-4 0x000001fc <ok> node-6 0x000001fc <ok> node-5 0x000001fc <ok> node-3 0x000001fc <ok> node-14 0x0003fdfc <ok> node-13 0x0003fdfc <ok> node-12 0x0003fdfc <ok> node-10 0x0003fdfc <ok> node-16 0x0003fdfc <ok> node-15 0x0003fdfc <ok>,,
564,configured out,,
565,blocked,,
566,configured out,,
567,running,,
568,running,,
569,running,,
570,configured out,,
571,not responding,,
572,configured out,,
573,not responding,,
574,running,,
575,active,,
576,not responding,,
577,configured out,,
578,configured out,,
579,running,,
580,running,,
581,configured out,,
582,not responding,,
583,running,,
584,configured out,,
585,blocked,,
586,running,,
587,configured out,,
588,not responding,,
589,configured out,,
590,configured out,,
591,configured out,,
592,configured out,,
593,running,,
594,configured out,,
595,configured out,,
596,running,,
597,running,,
598,running,,
599,running,,
600,running,,
601,configured out,,
602,configured out,,
603,running,,
604,blocked,,
605,configured out,,
606,running,,
607,running,,
608,running,,
609,running,,
610,blocked,,
611,configured out,,
612,running,,
613,not responding,,
614,running,,
615,running,,
616,running,,
617,running,,
618,configured out,,
619,configured out,,
620,not responding,,
621,running,,
622,running,,
623,running,,
624,not responding,,
625,running,,
626,running,,
627,not responding,,
628,starting,,
629,configured out,,
630,configured out,,
631,configured out,,
632,configured out,,
633,running,,
634,configured out,,
635,not responding,,
636,not responding,,
637,configured out,,
638,running,,
639,running,,
640,configured out,,
641,not responding,,
642,running,,
643,configured out,,
644,running,,
645,configured out,,
646,blocked,,
647,running,,
648,running,,
649,running,,
650,running,,
651,blocked,,
652,running,,
653,running,,
654,running,,
655,configured out,,
656,closing,,
657,running,,
658,running,,
659,running,,
660,running,,
661,running,,
662,running,,
663,running,,
664,running,,
665,running,,
666,running,,
667,running,,
668,configured out,,
669,not responding,,
670,not responding,,
671,blocked,,
672,running,,
673,not responding,,
674,running,,
675,active,,
676,not responding,,
677,configured out,,
678,not responding,,
679,running,,
680,running,,
681,blocked,,
682,running,,
683,not responding,,
684,not responding,,
685,running,,
686,running,,
687,blocked,,
688,not responding,,
689,configured out,,
690,configured out,,
691,running,,
692,running,,
693,running,,
694,configured out,,
695,configured out,,
696,configured out,,
697,running,,
698,running,,
699,running,,
700,inconsistent nodesets node-31 0x1fffffffe <ok> node-0 0xfffffffe <ok> node-1 0xfffffffe <ok> node-2 0xfffffffe <ok> node-30 0xfffffffe <ok>,,
701,configured out,,
702,running,,
703,blocked,,
704,running,,
705,not responding,,
706,configured out,,
707,running,,
708,running,,
709,running,,
710,running,,
711,normal,,
712,normal,,
713,warning,,
714,normal,,
715,normal,,
716,warning,,
717,ambient=30,,
718,normal,,
719,ambient=30,,
720,normal,,
721,normal,,
722,critical,,
723,normal,,
724,normal,,
725,critical,,
726,normal,,
727,ambient=31,,
728,normal,,
729,normal,,
730,ambient=30,,
731,ambient=29,,
732,normal,,
733,ambient=26,,
734,ambient=30,,
735,warning,,
736,critical,,
737,normal,,
738,ambient=32,,
739,ambient=29,,
740,normal,,
741,ambient=33,,
742,ambient=28,,
743,ambient=31,,
744,ambient=33,,
745,normal,,
746,warning,,
747,warning,,
748,warning,,
749,ambient=31,,
750,warning,,
751,normal,,
752,ambient=30,,
753,ambient=30,,
754,normal,,
755,ambient=31,,
756,warning,,
757,warning,,
758,normal,,
759,warning,,
760,normal,,
761,ambient=31,,
762,warning,,
763,ambient=26,,
764,ambient=31,,
765,normal,,
766,warning,,
767,normal,,
768,ambient=29,,
769,warning,,
770,warning,,
771,warning,,
772,ambient=27,,
773,ambient=30,,
774,ambient=26,,
775,warning,,
776,warning,,
777,normal,,
778,warning,,
779,normal,,
780,normal,,
781,normal,,
782,normal,,
783,warning,,
784,warning,,
785,normal,,
786,warning,,
787,normal,,
788,normal,,
789,normal,,
790,ambient=34,,
791,warning,,
792,warning,,
793,normal,,
794,warning,,
795,normal,,
796,warning,,
797,ambient=31,,
798,normal,,
799,warning,,
800,warning,,
801,warning,,
802,ambient=32,,
803,normal,,
804,ambient=33,,
805,warning,,
806,warning,,
807,warning,,
808,warning,,
809,ambient=35,,
810,ambient=31,,
811,ambient=31,,
812,ambient=31,,
813,ambient=30,,
814,ambient=31,,
815,ambient=29,,
816,warning,,
817,normal,,
818,ambient=26,,
819,normal,,
820,warning,,
821,normal,,
822,ambient=33,,
823,normal,,
824,ambient=31,,
825,warning,,
826,critical,,
827,ambient=34,,
828,ambient=35,,
829,ambient=30,,
830,warning,,
831,ambient=35,,
832,ambient=33,,
833,ambient=33,,
834,normal,,
835,ambient=30,,
836,ambient=28,,
837,ambient=27,,
838,warning,,
839,warning,,
840,normal,,
841,normal,,
842,warning,,
843,ambient=32,,
844,ambient=31,,
845,ambient=35,,
846,ambient=32,,
847,ambient=28,,
848,warning,,
849,ambient=30,,
850,normal,,
851,warning,,
852,normal,,
853,normal,,
854,normal,,
855,normal,,
856,ambient=31,,
857,normal,,
858,ambient=31,,
859,warning,,
860,normal,,
861,warning,,
862,warning,,
863,warning,,
864,warning,,
865,ambient=29,,
866,warning,,
867,normal,,
868,warning,,
869,warning,,
870,normal,,
871,normal,,
872,warning,,
873,normal,,
874,warning,,
875,normal,,
876,normal,,
877,normal,,
878,warning,,
879,warning,,
880,normal,,
881,normal,,
882,warning,,
883,warning,,
884,warning,,
885,warning,,
886,ambient=29,,
887,normal,,
888,normal,,
889,ambient=30,,
890,ambient=30,,
891,ambient=33,,
892,ambient=32,,
893,normal,,
894,ambient=27,,
895,warning,,
896,normal,,
897,normal,,
898,ambient=32,,
899,normal,,
900,warning,,
901,ambient=33,,
902,warning,,
903,normal,,
904,normal,,
905,normal,,
906,warning,,
907,ambient=29,,
908,warning,,
909,warning,,
910,normal,,
911,warning,,
912,ambient=32,,
913,ambient=29,,
914,normal,,
915,ambient=36,,
916,ambient=29,,
917,ambient=30,,
918,warning,,
919,ambient=29,,
920,normal,,
921,ambient=32,,
922,ambient=30,,
923,ambient=32,,
924,ambient=30,,
925,ambient=33,,
926,ambient=31,,
927,normal,,
928,ambient=33,,
929,normal,,
930,ambient=33,,
931,ambient=31,,
932,ambient=33,,
933,critical,,
934,normal,,
935,ambient=27,,
936,normal,,
937,ambient=33,,
938,normal,,
939,ambient=33,,
940,normal,,
941,warning,,
942,normal,,
943,warning,,
944,normal,,
945,ambient=29,,
946,ambient=33,,
947,ambient=36,,
948,ambient=30,,
949,normal,,
950,warning,,
951,warning,,
952,ambient=28,,
953,ambient=26,,
954,warning,,
955,normal,,
956,ambient=29,,
957,normal,,
958,ambient=25,,
959,ambient=29,,
960,warning,,
961,warning,,
962,warning,,
963,warning,,
964,warning,,
965,normal,,
966,warning,,
967,ambient=34,,
968,ambient=28,,
969,ambient=27,,
970,normal,,
971,warning,,
972,normal,,
973,warning,,
974,warning,,
975,normal,,
976,warning,,
977,normal,,
978,warning,,
979,warning,,
980,normal,,
981,warning,,
982,normal,,
983,ambient=27,,
984,normal,,
985,ambient=33,,
986,ambient=27,,
987,warning,,
988,ambient=30,,
989,ambient=33,,
990,ambient=27,,
991,normal,,
992,ambient=27,,
993,normal,,
994,normal,,
995,warning,,
996,warning,,
997,normal,,
998,normal,,
999,normal,,
1000,warning,,
1001,warning,,
1002,warning,,
1003,warning,,
1004,normal,,
1005,warning,,
1006,normal,,
1007,warning,,
1008,ambient=27,,
1009,normal,,
1010,normal,,
1011,warning,,
1012,normal,,
1013,normal,,
1014,warning,,
1015,warning,,
1016,warning,,
1017,warning,,
1018,normal,,
1019,normal,,
1020,normal,,
1021,normal,,
1022,ambient=26,,
1023,normal,,
1024,normal,,
1025,normal,,
1026,normal,,
1027,normal,,
1028,warning,,
1029,critical,,
1030,warning,,
1031,warning,,
1032,warning,,
1033,warning,,
1034,ambient=29,,
1035,warning,,
1036,normal,,
1037,ambient=28,,
1038,normal,,
1039,normal,,
1040,normal,,
1041,warning,,
1042,normal,,
1043,ambient=28,,
1044,warning,,
1045,normal,,
1046,warning,,
1047,normal,,
1048,normal,,
1049,ambient=26,,
1050,normal,,
1051,normal,,
1052,warning,,
1053,warning,,
1054,warning,,
1055,warning,,
1056,normal,,
1057,warning,,
1058,ambient=35,,
1059,ambient=33,,
1060,ambient=32,,
1061,ambient=31,,
1062,ambient=31,,
1063,critical,,
1064,warning,,
1065,warning,,
1066,normal,,
1067,warning,,
1068,warning,,
1069,warning,,
1070,ambient=27,,
1071,normal,,
1072,ambient=33,,
1073,normal,,
1074,normal,,
1075,normal,,
1076,warning,,
1077,ambient=32,,
1078,warning,,
1079,ambient=30,,
1080,normal,,
1081,warning,,
1082,warning,,
1083,warning,,
1084,normal,,
1085,critical,,
1086,warning,,
1087,warning,,
1088,warning,,
1089,critical,,
1090,ambient=34,,
1091,warning,,
1092,ambient=27,,
1093,normal,,
1094,warning,,
1095,ambient=23,,
1096,normal,,
1097,warning,,
1098,normal,,
1099,ambient=29,,
1100,normal,,
1101,ambient=28,,
1102,ambient=26,,
1103,normal,,
1104,ambient=28,,
1105,ambient=25,,
1106,ambient=24,,
1107,warning,,
1108,ambient=34,,
1109,ambient=31,,
1110,critical,,
1111,normal,,
1112,ambient=28,,
1113,ambient=30,,
1114,ambient=33,,
1115,ambient=31,,
1116,ambient=31,,
1117,ambient=33,,
1118,ambient=32,,
1119,ambient=27,,
1120,ambient=29,,
1121,warning,,
1122,critical,,
1123,normal,,
1124,warning,,
1125,normal,,
1126,warning,,
1127,normal,,
1128,normal,,
1129,normal,,
1130,normal,,
1131,warning,,
1132,normal,,
1133,normal,,
1134,normal,,
1135,normal,,
1136,warning,,
1137,normal,,
1138,normal,,
1139,normal,,
1140,warning,,
1141,normal,,
1142,warning,,
1143,critical,,
1144,normal,,
1145,warning,,
1146,warning,,
1147,warning,,
1148,critical,,
1149,warning,,
1150,normal,,
1151,warning,,
1152,ambient=25,,
1153,warning,,
1154,warning,,
1155,warning,,
1156,ambient=28,,
1157,ambient=33,,
1158,ambient=33,,
1159,ambient=36,,
1160,ambient=36,,
1161,ambient=28,,
1162,warning,,
1163,critical,,
1164,ambient=35,,
1165,normal,,
1166,warning,,
1167,ambient=29,,
1168,warning,,
1169,warning,,
1170,warning,,
1171,warning,,
1172,normal,,
1173,ambient=25,,
1174,normal,,
1175,normal,,
1176,ambient=34,,
1177,ambient=35,,
1178,ambient=36,,
1179,ambient=35,,
1180,warning,,
1181,warning,,
1182,warning,,
1183,warning,,
1184,normal,,
1185,warning,,
1186,ambient=27,,
1187,warning,,
1188,ambient=29,,
1189,ambient=26,,
1190,ambient=26,,
1191,ambient=30,,
1192,warning,,
1193,normal,,
1194,warning,,
1195,normal,,
1196,normal,,
1197,warning,,
1198,warning,,
1199,warning,,
1200,warning,,
1201,normal,,
1202,warning,,
1203,warning,,
1204,normal,,
1205,normal,,
1206,ambient=24,,
1207,normal,,
1208,ambient=30,,
1209,ambient=31,,
1210,ambient=33,,
1211,ambient=31,,
1212,normal,,
1213,warning,,
1214,normal,,
1215,warning,,
1216,warning,,
1217,warning,,
1218,ambient=27,,
1219,normal,,
1220,ambient=29,,
1221,ambient=31,,
1222,normal,,
1223,warning,,
1224,warning,,
1225,warning,,
1226,ambient=30,,
1227,ambient=32,,
1228,warning,,
1229,ambient=29,,
1230,normal,,
1231,ambient=24,,
1232,ambient=30,,
1233,warning,,
1234,ambient=28,,
1235,ambient=34,,
1236,ambient=25,,
1237,ambient=26,,
1238,ambient=25,,
1239,ambient=25,,
1240,ambient=25,,
1241,ambient=27,,
1242,ambient=30,,
1243,warning,,
1244,ambient=31,,
1245,ambient=29,,
1246,warning,,
1247,warning,,
1248,ambient=28,,
1249,ambient=28,,
1250,normal,,
1251,normal,,
1252,ambient=25,,
1253,ambient=30,,
1254,ambient=30,,
1255,ambient=26,,
1256,warning,,
1257,ambient=25,,
1258,warning,,
1259,ambient=29,,
1260,normal,,
1261,ambient=29,,
1262,ambient=27,,
1263,warning,,
1264,ambient=26,,
1265,normal,,
1266,normal,,
1267,warning,,
1268,ambient=25,,
1269,warning,,
1270,normal,,
1271,ambient=28,,
1272,ambient=29,,
1273,ambient=28,,
1274,normal,,
1275,ambient=30,,
1276,ambient=30,,
1277,ambient=27,,
1278,normal,,
1279,ambient=28,,
1280,warning,,
1281,normal,,
1282,ambient=30,,
1283,normal,,
1284,normal,,
1285,ambient=30,,
1286,ambient=27,,
1287,warning,,
1288,ambient=26,,
1289,ambient=27,,
1290,ambient=24,,
1291,normal,,
1292,ambient=26,,
1293,ambient=31,,
1294,warning,,
1295,warning,,
1296,ambient=29,,
1297,ambient=29,,
1298,warning,,
1299,ambient=27,,
1300,normal,,
1301,ambient=33,,
1302,ambient=30,,
1303,ambient=29,,
1304,ambient=33,,
1305,normal,,
1306,ambient=29,,
1307,warning,,
1308,ambient=30,,
1309,ambient=29,,
1310,ambient=28,,
1311,ambient=32,,
1312,warning,,
1313,ambient=28,,
1314,ambient=28,,
1315,warning,,
1316,normal,,
1317,normal,,
1318,warning,,
1319,ambient=29,,
1320,ambient=30,,
1321,ambient=31,,
1322,ambient=31,,
1323,ambient=34,,
1324,warning,,
1325,ambient=36,,
1326,ambient=33,,
1327,ambient=25,,
1328,ambient=36,,
1329,ambient=33,,
1330,ambient=25,,
1331,normal,,
1332,normal,,
1333,normal,,
1334,warning,,
1335,ambient=30,,
1336,normal,,
1337,normal,,
1338,ambient=33,,
1339,ambient=37,,
1340,warning,,
1341,ambient=27,,
1342,ambient=30,,
1343,ambient=35,,
1344,ambient=27,,
1345,ambient=29,,
1346,warning,,
1347,normal,,
1348,ambient=28,,
1349,normal,,
1350,ambient=28,,
1351,ambient=27,,
1352,ambient=26,,
1353,ambient=25,,
1354,ambient=30,,
1355,ambient=35,,
1356,ambient=32,,
1357,ambient=29,,
1358,ambient=35,,
1359,critical,,
1360,ambient=27,,
1361,ambient=29,,
1362,ambient=28,,
1363,ambient=28,,
1364,ambient=25,,
1365,ambient=25,,
1366,ambient=27,,
1367,ambient=30,,
1368,ambient=28,,
1369,critical,,
1370,ambient=25,,
1371,normal,,
1372,ambient=27,,
1373,normal,,
1374,ambient=25,,
1375,ambient=28,,
1376,ambient=33,,
1377,ambient=36,,
1378,ambient=30,,
1379,ambient=36,,
1380,ambient=33,,
1381,normal,,
1382,ambient=31,,
1383,normal,,
1384,ambient=27,,
1385,ambient=26,,
1386,warning,,
1387,critical,,
1388,normal,,
1389,normal,,
1390,ambient=33,,
1391,warning,,
1392,normal,,
1393,ambient=36,,
1394,ambient=33,,
1395,normal,,
1396,ambient=26,,
1397,ambient=25,,
1398,ambient=27,,
1399,ambient=31,,
1400,ambient=25,,
1401,ambient=28,,
1402,warning,,
1403,normal,,
1404,ambient=32,,
1405,ambient=33,,
1406,ambient=28,,
1407,ambient=31,,
1408,critical,,
1409,normal,,
1410,ambient=30,,
1411,ambient=29,,
1412,ambient=30,,
1413,normal,,
1414,normal,,
1415,normal,,
1416,warning,,
1417,warning,,
1418,ambient=27,,
1419,normal,,
1420,critical,,
1421,warning,,
1422,warning,,
1423,normal,,
1424,warning,,
1425,normal,,
1426,warning,,
1427,ambient=28,,
1428,ambient=26,,
1429,ambient=34,,
1430,warning,,
1431,warning,,
1432,critical,,
1433,warning,,
1434,Link ok,,
1435,Link ok,,
1436,Link ok,,
1437,Link ok,,
1438,Link error,,
1439,Link error,,
1440,Link in reset,,
1441,Link ok,,
1442,Link ok,,
1443,Link in reset,,
1444,Link ok,,
1445,Link error,,
1446,Link ok,,
1447,Link ok,,
1448,Link ok,,
1449,Link error,,
1450,Link in reset,,
1451,Link ok,,
1452,Link ok,,
1453,Link in reset,,
1454,Link in reset,,
1455,Link in reset,,
1456,Link in reset,,
1457,Linkerror event interval expired,,
1458,Linkerror event interval expired,,
1459,risBoot (command 1903) Error: Timed out while waiting for SRM prompt: <ABORT code completed>,,
1460,Linkerror event interval expired,,
1461,Linkerror event interval expired,,
1462,Linkerror event interval expired,,
1463,Linkerror event interval expired,,
1464,Linkerror event interval expired,,
1465,Linkerror event interval expired,,
1466,Linkerror event interval expired,,
1467,Linkerror event interval expired,,
1468,Linkerror event interval expired,,
1469,Linkerror event interval expired,,
1470,Linkerror event interval expired,,
1471,Linkerror event interval expired,,
1472,Linkerror event interval expired,,
1473,Linkerror event interval expired,,
1474,Linkerror event interval expired,,
1475,Linkerror event interval expired,,
1476,Linkerror event interval expired,,
1477,Linkerror event interval expired,,
1478,Linkerror event interval expired,,
1479,Linkerror event interval expired,,
1480,Linkerror event interval expired,,
1481,Linkerror event interval expired,,
1482,Linkerror event interval expired,,
1483,Linkerror event interval expired,,
1484,Linkerror event interval expired,,
1485,Linkerror event interval expired,,
1486,Linkerror event interval expired,,
1487,Linkerror event interval expired,,
1488,Linkerror event interval expired,,
1489,Linkerror event interval expired,,
1490,Linkerror event interval expired,,
1491,Linkerror event interval expired,,
1492,Linkerror event interval expired,,
1493,Linkerror event interval expired,,
1494,Linkerror event interval expired,,
1495,Linkerror event interval expired,,
1496,Linkerror event interval expired,,
1497,Linkerror event interval expired,,
1498,Linkerror event interval expired,,
1499,Linkerror event interval expired,,
1500,Linkerror event interval expired,,
1501,Linkerror event interval expired,,
1502,Linkerror event interval expired,,
1503,Linkerror event interval expired,,
1504,Linkerror event interval expired,,
1505,Linkerror event interval expired,,
1506,Linkerror event interval expired,,
1507,Linkerror event interval expired,,
1508,Linkerror event interval expired,,
1509,Linkerror event interval expired,,
1510,Linkerror event interval expired,,
1511,Linkerror event interval expired,,
1512,Linkerror event interval expired,,
1513,Linkerror event interval expired,,
1514,Linkerror event interval expired,,
1515,Linkerror event interval expired,,
1516,Linkerror event interval expired,,
1517,Linkerror event interval expired,,
1518,Linkerror event interval expired,,
1519,Linkerror event interval expired,,
1520,Linkerror event interval expired,,
1521,Linkerror event interval expired,,
1522,Linkerror event interval expired,,
1523,Linkerror event interval expired,,
1524,Linkerror event interval expired,,
1525,Linkerror event interval expired,,
1526,Linkerror event interval expired,,
1527,Linkerror event interval expired,,
1528,Linkerror event interval expired,,
1529,Linkerror event interval expired,,
1530,Linkerror event interval expired,,
1531,Linkerror event interval expired,,
1532,Linkerror event interval expired,,
1533,Linkerror event interval expired,,
1534,Linkerror event interval expired,,
1535,Linkerror event interval expired,,
1536,Linkerror event interval expired,,
1537,Linkerror event interval expired,,
1538,Linkerror event interval expired,,
1539,Linkerror event interval expired,,
1540,Linkerror event interval expired,,
1541,Linkerror event interval expired,,
1542,boot (command 2092) Error: HALT asserted\  cannot continue,,
1543,Linkerror event interval expired,,
1544,Linkerror event interval expired,,
1545,Linkerror event interval expired,,
1546,Linkerror event interval expired,,
1547,Linkerror event interval expired,,
1548,Linkerror event interval expired,,
1549,Linkerror event interval expired,,
1550,Linkerror event interval expired,,
1551,Linkerror event interval expired,,
1552,Linkerror event interval expired,,
1553,Linkerror event interval expired,,
1554,Linkerror event interval expired,,
1555,Linkerror event interval expired,,
1556,Linkerror event interval expired,,
1557,Linkerror event interval expired,,
1558,Linkerror event interval expired,,
1559,Linkerror event interval expired,,
1560,Linkerror event interval expired,,
1561,Linkerror event interval expired,,
1562,Linkerror event interval expired,,
1563,Linkerror event interval expired,,
1564,Linkerror event interval expired,,
1565,Linkerror event interval expired,,
1566,Linkerror event interval expired,,
1567,Linkerror event interval expired,,
1568,Linkerror event interval expired,,
1569,Linkerror event interval expired,,
1570,Linkerror event interval expired,,
1571,Linkerror event interval expired,,
1572,Linkerror event interval expired,,
1573,Linkerror event interval expired,,
1574,Linkerror event interval expired,,
1575,Linkerror event interval expired,,
1576,Linkerror event interval expired,,
1577,Linkerror event interval expired,,
1578,Linkerror event interval expired,,
1579,Linkerror event interval expired,,
1580,Linkerror event interval expired,,
1581,Linkerror event interval expired,,
1582,Linkerror event interval expired,,
1583,Linkerror event interval expired,,
1584,Linkerror event interval expired,,
1585,Linkerror event interval expired,,
1586,Linkerror event interval expired,,
1587,Linkerror event interval expired,,
1588,Linkerror event interval expired,,
1589,Linkerror event interval expired,,
1590,Linkerror event interval expired,,
1591,Linkerror event interval expired,,
1592,Linkerror event interval expired,,
1593,Linkerror event interval expired,,
1594,Linkerror event interval expired,,
1595,Linkerror event interval expired,,
1596,Linkerror event interval expired,,
1597,Linkerror event interval expired,,
1598,Linkerror event interval expired,,
1599,Linkerror event interval expired,,
1600,Linkerror event interval expired,,
1601,Linkerror event interval expired,,
1602,Linkerror event interval expired,,
1603,Linkerror event interval expired,,
1604,Linkerror event interval expired,,
1605,Linkerror event interval expired,,
1606,Linkerror event interval expired,,
1607,Linkerror event interval expired,,
1608,Linkerror event interval expired,,
1609,Linkerror event interval expired,,
1610,Linkerror event interval expired,,
1611,Linkerror event interval expired,,
1612,Linkerror event interval expired,,
1613,Linkerror event interval expired,,
1614,Linkerror event interval expired,,
1615,Linkerror event interval expired,,
1616,Linkerror event interval expired,,
1617,Linkerror event interval expired,,
1618,Linkerror event interval expired,,
1619,Linkerror event interval expired,,
1620,Linkerror event interval expired,,
1621,Linkerror event interval expired,,
1622,Linkerror event interval expired,,
1623,Linkerror event interval expired,,
1624,Linkerror event interval expired,,
1625,Linkerror event interval expired,,
1626,Linkerror event interval expired,,
1627,Linkerror event interval expired,,
1628,Linkerror event interval expired,,
1629,Linkerror event interval expired,,
1630,Linkerror event interval expired,,
1631,Linkerror event interval expired,,
1632,Linkerror event interval expired,,
1633,Linkerror event interval expired,,
1634,Linkerror event interval expired,,
1635,Linkerror event interval expired,,
1636,Linkerror event interval expired,,
1637,Linkerror event interval expired,,
1638,Linkerror event interval expired,,
1639,Linkerror event interval expired,,
1640,Linkerror event interval expired,,
1641,Linkerror event interval expired,,
1642,Linkerror event interval expired,,
1643,Linkerror event interval expired,,
1644,Linkerror event interval expired,,
1645,Linkerror event interval expired,,
1646,Linkerror event interval expired,,
1647,Linkerror event interval expired,,
1648,Linkerror event interval expired,,
1649,Linkerror event interval expired,,
1650,Linkerror event interval expired,,
1651,Linkerror event interval expired,,
1652,Linkerror event interval expired,,
1653,Linkerror event interval expired,,
1654,Linkerror event interval expired,,
1655,Linkerror event interval expired,,
1656,Linkerror event interval expired,,
1657,Linkerror event interval expired,,
1658,Linkerror event interval expired,,
1659,Linkerror event interval expired,,
1660,Linkerror event interval expired,,
1661,Linkerror event interval expired,,
1662,Linkerror event interval expired,,
1663,Linkerror event interval expired,,
1664,Linkerror event interval expired,,
1665,Linkerror event interval expired,,
1666,Linkerror event interval expired,,
1667,Linkerror event interval expired,,
1668,Linkerror event interval expired,,
1669,Linkerror event interval expired,,
1670,Linkerror event interval expired,,
1671,Linkerror event interval expired,,
1672,Linkerror event interval expired,,
1673,Linkerror event interval expired,,
1674,Linkerror event interval expired,,
1675,Linkerror event interval expired,,
1676,Linkerror event interval expired,,
1677,Linkerror event interval expired,,
1678,Linkerror event interval expired,,
1679,Linkerror event interval expired,,
1680,Linkerror event interval expired,,
1681,Linkerror event interval expired,,
1682,Linkerror event interval expired,,
1683,Linkerror event interval expired,,
1684,Linkerror event interval expired,,
1685,Linkerror event interval expired,,
1686,Linkerror event interval expired,,
1687,Linkerror event interval expired,,
1688,Linkerror event interval expired,,
1689,Linkerror event interval expired,,
1690,Linkerror event interval expired,,
1691,Linkerror event interval expired,,
1692,Linkerror event interval expired,,
1693,Linkerror event interval expired,,
1694,Linkerror event interval expired,,
1695,Linkerror event interval expired,,
1696,Linkerror event interval expired,,
1697,Linkerror event interval expired,,
1698,Linkerror event interval expired,,
1699,Linkerror event interval expired,,
1700,Linkerror event interval expired,,
1701,Linkerror event interval expired,,
1702,Linkerror event interval expired,,
1703,Linkerror event interval expired,,
1704,Linkerror event interval expired,,
1705,Linkerror event interval expired,,
1706,Linkerror event interval expired,,
1707,Linkerror event interval expired,,
1708,Linkerror event interval expired,,
1709,Linkerror event interval expired,,
1710,Linkerror event interval expired,,
1711,Linkerror event interval expired,,
1712,Linkerror event interval expired,,
1713,Linkerror event interval expired,,
1714,Linkerror event interval expired,,
1715,Linkerror event interval expired,,
1716,Linkerror event interval expired,,
1717,Linkerror event interval expired,,
1718,Linkerror event interval expired,,
1719,Linkerror event interval expired,,
1720,Linkerror event interval expired,,
1721,Linkerror event interval expired,,
1722,Linkerror event interval expired,,
1723,Linkerror event interval expired,,
1724,Linkerror event interval expired,,
1725,Linkerror event interval expired,,
1726,Linkerror event interval expired,,
1727,Linkerror event interval expired,,
1728,Linkerror event interval expired,,
1729,Linkerror event interval expired,,
1730,Linkerror event interval expired,,
1731,Linkerror event interval expired,,
1732,Linkerror event interval expired,,
1733,Linkerror event interval expired,,
1734,Linkerror event interval expired,,
1735,Linkerror event interval expired,,
1736,Linkerror event interval expired,,
1737,Linkerror event interval expired,,
1738,Linkerror event interval expired,,
1739,Linkerror event interval expired,,
1740,Linkerror event interval expired,,
1741,Linkerror event interval expired,,
1742,Linkerror event interval expired,,
1743,Linkerror event interval expired,,
1744,Linkerror event interval expired,,
1745,Linkerror event interval expired,,
1746,Linkerror event interval expired,,
1747,Linkerror event interval expired,,
1748,Linkerror event interval expired,,
1749,Linkerror event interval expired,,
1750,Linkerror event interval expired,,
1751,Linkerror event interval expired,,
1752,Linkerror event interval expired,,
1753,Linkerror event interval expired,,
1754,Linkerror event interval expired,,
1755,Linkerror event interval expired,,
1756,Linkerror event interval expired,,
1757,Linkerror event interval expired,,
1758,Linkerror event interval expired,,
1759,Linkerror event interval expired,,
1760,Linkerror event interval expired,,
1761,Linkerror event interval expired,,
1762,Linkerror event interval expired,,
1763,Linkerror event interval expired,,
1764,Linkerror event interval expired,,
1765,Linkerror event interval expired,,
1766,Linkerror event interval expired,,
1767,Linkerror event interval expired,,
1768,Linkerror event interval expired,,
1769,Linkerror event interval expired,,
1770,Linkerror event interval expired,,
1771,Linkerror event interval expired,,
1772,Linkerror event interval expired,,
1773,Linkerror event interval expired,,
1774,Linkerror event interval expired,,
1775,Linkerror event interval expired,,
1776,Linkerror event interval expired,,
1777,Linkerror event interval expired,,
1778,Linkerror event interval expired,,
1779,Linkerror event interval expired,,
1780,Linkerror event interval expired,,
1781,Linkerror event interval expired,,
1782,Linkerror event interval expired,,
1783,Linkerror event interval expired,,
1784,Linkerror event interval expired,,
1785,Linkerror event interval expired,,
1786,Linkerror event interval expired,,
1787,Linkerror event interval expired,,
1788,Linkerror event interval expired,,
1789,Linkerror event interval expired,,
1790,Linkerror event interval expired,,
1791,Linkerror event interval expired,,
1792,Linkerror event interval expired,,
1793,Linkerror event interval expired,,
1794,Linkerror event interval expired,,
1795,Linkerror event interval expired,,
1796,Linkerror event interval expired,,
1797,Linkerror event interval expired,,
1798,Linkerror event interval expired,,
1799,Linkerror event interval expired,,
1800,Linkerror event interval expired,,
1801,Linkerror event interval expired,,
1802,Linkerror event interval expired,,
1803,Linkerror event interval expired,,
1804,Linkerror event interval expired,,
1805,Linkerror event interval expired,,
1806,Linkerror event interval expired,,
1807,Linkerror event interval expired,,
1808,Linkerror event interval expired,,
1809,Linkerror event interval expired,,
1810,Linkerror event interval expired,,
1811,Linkerror event interval expired,,
1812,Linkerror event interval expired,,
1813,Linkerror event interval expired,,
1814,Linkerror event interval expired,,
1815,Linkerror event interval expired,,
1816,Linkerror event interval expired,,
1817,Linkerror event interval expired,,
1818,Linkerror event interval expired,,
1819,Linkerror event interval expired,,
1820,Linkerror event interval expired,,
1821,Linkerror event interval expired,,
1822,Linkerror event interval expired,,
1823,Linkerror event interval expired,,
1824,Linkerror event interval expired,,
1825,Linkerror event interval expired,,
1826,Linkerror event interval expired,,
1827,Linkerror event interval expired,,
1828,Linkerror event interval expired,,
1829,Linkerror event interval expired,,
1830,Linkerror event interval expired,,
1831,Linkerror event interval expired,,
1832,Linkerror event interval expired,,
1833,Linkerror event interval expired,,
1834,Linkerror event interval expired,,
1835,Linkerror event interval expired,,
1836,Linkerror event interval expired,,
1837,Linkerror event interval expired,,
1838,Linkerror event interval expired,,
1839,Linkerror event interval expired,,
1840,Linkerror event interval expired,,
1841,Failed subcommands 3406,,
1842,Linkerror event interval expired,,
1843,Linkerror event interval expired,,
1844,Linkerror event interval expired,,
1845,Linkerror event interval expired,,
1846,Linkerror event interval expired,,
1847,Linkerror event interval expired,,
1848,Linkerror event interval expired,,
1849,Linkerror event interval expired,,
1850,Linkerror event interval expired,,
1851,Linkerror event interval expired,,
1852,Linkerror event interval expired,,
1853,Linkerror event interval expired,,
1854,link errors remain current,,
1855,link errors remain current,,
1856,link errors remain current,,
1857,link errors remain current,,
1858,link errors remain current,,
1859,link errors remain current,,
1860,link errors remain current,,
1861,link errors remain current,,
1862,link errors remain current,,
1863,link errors remain current,,
1864,link errors remain current,,
1865,link errors remain current,,
1866,link errors remain current,,
1867,link errors remain current,,
1868,link errors remain current,,
1869,link errors remain current,,
1870,link errors remain current,,
1871,link errors remain current,,
1872,link errors remain current,,
1873,link errors remain current,,
1874,link errors remain current,,
1875,link errors remain current,,
1876,link errors remain current,,
1877,link errors remain current,,
1878,link errors remain current,,
1879,link errors remain current,,
1880,link errors remain current,,
1881,link errors remain current,,
1882,link errors remain current,,
1883,link errors remain current,,
1884,link errors remain current,,
1885,link errors remain current,,
1886,link errors remain current,,
1887,link errors remain current,,
1888,link errors remain current,,
1889,link errors remain current,,
1890,link errors remain current,,
1891,link errors remain current,,
1892,link errors remain current,,
1893,link errors remain current,,
1894,link errors remain current,,
1895,link errors remain current,,
1896,link errors remain current,,
1897,link errors remain current,,
1898,link errors remain current,,
1899,link errors remain current,,
1900,link errors remain current,,
1901,link errors remain current,,
1902,link errors remain current,,
1903,link errors remain current,,
1904,link errors remain current,,
1905,link errors remain current,,
1906,link errors remain current,,
1907,link errors remain current,,
1908,link errors remain current,,
1909,link errors remain current,,
1910,NIFF: node node-129 has detected an available network connection on network 10.128.0.0 via interface ee0,,
1911,NIFF: node node-148 has detected an available network connection on network 5.5.226.0 via interface alt0,,
1912,NIFF: node node-24 has detected an available network connection on network 10.128.0.0 via interface ee0,,
1913,NIFF: node node-232 has detected an available network connection on network 10.128.0.0 via interface ee0,,
1914,NIFF: node node-17 has detected an available network connection on network 10.128.0.0 via interface ee0,,
1915,NIFF: node node-241 has detected an available network connection on network 10.128.0.0 via interface ee0,,
1916,NIFF: node node-26 has detected an available network connection on network 5.5.226.0 via interface alt0,,
1917,NIFF: node node-120 has detected an available network connection on network 5.5.226.0 via interface alt0,,
1918,NIFF: node node-142 has detected an available network connection on network 0.0.0.0 via interface alt0,,
1919,NIFF: node node-73 has detected an available network connection on network 5.5.226.0 via interface alt0,,
1920,NIFF: node node-252 has detected an available network connection on network 5.5.226.0 via interface alt0,,
1921,NIFF: node node-173 has detected an available network connection on network 10.128.0.0 via interface ee0,,
1922,NIFF: node node-189 has detected an available network connection on network 10.128.0.0 via interface ee0,,
1923,NIFF: node node-163 has detected an available network connection on network 0.0.0.0 via interface alt0,,
1924,NIFF: node node-186 has detected an available network connection on network 5.5.226.0 via interface alt0,,
1925,NIFF: node node-205 has detected an available network connection on network 10.128.0.0 via interface ee0,,
1926,NIFF: node node-155 has detected an available network connection on network 10.128.0.0 via interface ee0,,
1927,NIFF: node node-176 has detected an available network connection on network 5.5.226.0 via interface alt0,,
1928,NIFF: node node-75 has detected an available network connection on network 10.128.0.0 via interface ee0,,
1929,NIFF: node node-9 has detected an available network connection on network 10.128.0.0 via interface ee0,,
1930,NIFF: node node-237 has detected an available network connection on network 5.5.226.0 via interface alt0,,
1931,NIFF: node node-208 has detected an available network connection on network 10.128.0.0 via interface ee0,,
1932,NIFF: node node-157 has detected an available network connection on network 5.5.226.0 via interface alt0,,
1933,NIFF: node node-139 has detected an available network connection on network 10.128.0.0 via interface ee0,,
1934,NIFF: node node-84 has detected an available network connection on network 10.128.0.0 via interface ee0,,
1935,NIFF: node node-217 has detected an available network connection on network 10.128.0.0 via interface ee0,,
1936,NIFF: node node-214 has detected an available network connection on network 5.5.226.0 via interface alt0,,
1937,NIFF: node node-202 has detected an available network connection on network 10.128.0.0 via interface ee0,,
1938,NIFF: node node-254 has detected an available network connection on network 10.128.0.0 via interface ee0,,
1939,NIFF: node node-234 has detected an available network connection on network 10.128.0.0 via interface ee0,,
1940,NIFF: node node-244 has detected an available network connection on network 10.128.0.0 via interface ee0,,
1941,NIFF: node node-30 has detected an available network connection on network 10.128.0.0 via interface ee0,,
1942,NIFF: node node-130 has detected an available network connection on network 10.96.0.0 via interface scip0,,
1943,NIFF: node node-45 has detected an available network connection on network 5.5.224.0 via interface alt0,,
1944,NIFF: node node-44 has detected an available network connection on network 10.128.0.0 via interface ee0,,
1945,NIFF: node node-151 has detected an available network connection on network 5.5.224.0 via interface alt0,,
1946,NIFF: node node-255 has detected an available network connection on network 10.128.0.0 via interface ee0,,
1947,NIFF: node node-188 has detected an available network connection on network 10.128.0.0 via interface ee0,,
1948,NIFF: node node-29 has detected an available network connection on network 0.0.0.0 via interface alt0,,
1949,NIFF: node node-87 has detected an available network connection on network 5.5.224.0 via interface alt0,,
1950,NIFF: node node-203 has detected an available network connection on network 5.5.224.0 via interface alt0,,
1951,NIFF: node node-72 has detected an available network connection on network 10.128.0.0 via interface ee0,,
1952,NIFF: node node-113 has detected an available network connection on network 5.5.224.0 via interface alt0,,
1953,NIFF: node node-152 has detected an available network connection on network 10.128.0.0 via interface ee0,,
1954,NIFF: node node-104 has detected an available network connection on network 5.5.224.0 via interface alt0,,
1955,NIFF: node node-142 has detected an available network connection on network 10.128.0.0 via interface ee0,,
1956,NIFF: node node-193 has detected an available network connection on network 5.5.224.0 via interface alt0,,
1957,NIFF: node node-139 has detected an available network connection on network 5.5.224.0 via interface alt0,,
1958,NIFF: node node-143 has detected an available network connection on network 5.5.224.0 via interface alt0,,
1959,NIFF: node node-45 has detected an available network connection on network 10.128.0.0 via interface ee0,,
1960,NIFF: node node-106 has detected an available network connection on network 0.0.0.0 via interface alt0,,
1961,NIFF: node node-7 has detected an available network connection on network 5.5.224.0 via interface alt0,,
1962,NIFF: node node-233 has detected an available network connection on network 10.128.0.0 via interface ee0,,
1963,NIFF: node node-23 has detected an available network connection on network 10.128.0.0 via interface ee0,,
1964,NIFF: node node-190 has detected an available network connection on network 10.128.0.0 via interface ee0,,
1965,NIFF: node node-84 has detected an available network connection on network 10.128.0.0 via interface ee0,,
1966,NIFF: node node-19 has detected an available network connection on network 10.128.0.0 via interface ee0,,
1967,NIFF: node node-253 has detected an available network connection on network 10.128.0.0 via interface ee0,,
1968,NIFF: node node-29 has detected an available network connection on network 10.128.0.0 via interface ee0,,
1969,NIFF: node node-240 has detected an available network connection on network 5.5.224.0 via interface alt0,,
1970,NIFF: node node-86 has detected an available network connection on network 10.128.0.0 via interface ee0,,
1971,NIFF: node node-204 has detected an available network connection on network 5.5.224.0 via interface alt0,,
1972,NIFF: node node-46 has detected an available network connection on network 5.5.224.0 via interface alt0,,
1973,NIFF: node node-150 has detected an available network connection on network 5.5.224.0 via interface alt0,,
1974,NIFF: node node-42 has detected an available network connection on network 10.128.0.0 via interface ee0,,
1975,NIFF: node node-91 has detected an available network connection on network 5.5.224.0 via interface alt0,,
1976,NIFF: node node-26 has detected an available network connection on network 10.128.0.0 via interface ee0,,
1977,NIFF: node node-44 has detected an available network connection on network 5.5.224.0 via interface alt0,,
1978,NIFF: node node-244 has detected an available network connection on network 5.5.224.0 via interface alt0,,
1979,NIFF: node node-182 has detected an available network connection on network 10.128.0.0 via interface ee0,,
1980,NIFF: node node-144 has detected an available network connection on network 10.96.0.0 via interface scip0,,
1981,NIFF: node node-17 has detected an available network connection on network 0.0.0.0 via interface alt0,,
1982,NIFF: node node-69 has detected an available network connection on network 10.128.0.0 via interface ee0,,
1983,NIFF: node node-202 has detected an available network connection on network 5.5.224.0 via interface alt0,,
1984,NIFF: node node-205 has detected an available network connection on network 5.5.224.0 via interface alt0,,
1985,NIFF: node node-44 has detected an available network connection on network 5.5.224.0 via interface alt0,,
1986,NIFF: node node-183 has detected an available network connection on network 10.128.0.0 via interface ee0,,
1987,NIFF: node node-212 has detected an available network connection on network 10.128.0.0 via interface ee0,,
1988,NIFF: node node-187 has detected an available network connection on network 5.5.224.0 via interface alt0,,
1989,NIFF: node node-221 has detected an available network connection on network 5.5.224.0 via interface alt0,,
1990,NIFF: node node-189 has detected an available network connection on network 5.5.224.0 via interface alt0,,
1991,NIFF: node node-218 has detected an available network connection on network 5.5.224.0 via interface alt0,,
1992,NIFF: node node-94 has detected an available network connection on network 5.5.224.0 via interface alt0,,
1993,NIFF: node node-248 has detected an available network connection on network 10.128.0.0 via interface ee0,,
1994,NIFF: node node-176 has detected an available network connection on network 10.128.0.0 via interface ee0,,
1995,NIFF: node node-77 has detected an available network connection on network 5.5.224.0 via interface alt0,,
1996,NIFF: node node-176 has detected an available network connection on network 10.128.0.0 via interface ee0,,
1997,NIFF: node node-178 has detected an available network connection on network 0.0.0.0 via interface alt0,,
1998,NIFF: node node-161 has detected an available network connection on network 0.0.0.0 via interface alt0,,
1999,NIFF: node node-73 has detected an available network connection on network 0.0.0.0 via interface alt0,,
2000,NIFF: node node-171 has detected an available network connection on network 10.128.0.0 via interface ee0,,
